case_idx,conv_id,user_message,model,provider,tool_match,tools_called,ref_tools,expected_tools,input_tokens,output_tokens,total_tokens,elapsed_s,response_preview,error
1,Kn9LpIjYWemxY57MwdSz,Hello,claude-sonnet-4-6,anthropic,REF,(none),(none),(none),7600,136,7736,7.26,"Hello! I'm your expense tracking assistant. You can send me expenses like:  - ""Spent $12.50 at Chipo",
1,Kn9LpIjYWemxY57MwdSz,Hello,claude-haiku-4-5,anthropic,OK,(none),(none),(none),7599,166,7765,8.88,Hello! I'm your expense tracking assistant. I'm here to help you track your spending and manage your,
1,Kn9LpIjYWemxY57MwdSz,Hello,gpt-5-mini,openai,OK,(none),(none),(none),5116,218,5334,9.85,"Hi — how can I help with your expenses today? You can tell me a purchase (e.g., ""Spent $15 at Chipot",
1,Kn9LpIjYWemxY57MwdSz,Hello,gpt-5.1,openai,OK,(none),(none),(none),5116,90,5206,6.77,"Hi! To track an expense, just text me something like:  Starbucks 4.85 today   or   Uber to airport 3",
1,Kn9LpIjYWemxY57MwdSz,Hello,gemini-3.1-pro-preview,google,OK,(none),(none),(none),5093,38,5131,9.85,"Hello! I am your expense tracking assistant. You can send me your expenses, receipts, or ask me abou",
1,Kn9LpIjYWemxY57MwdSz,Hello,gemini-3-flash-preview,google,OK,(none),(none),(none),5093,98,5191,6.49,"Hello! I am your expense tracking assistant. I can help you record your spending, track refunds, set",
2,Kn9LpIjYWemxY57MwdSz,What’s my auth token,claude-sonnet-4-6,anthropic,REF,(none),(none),(none),7807,63,7870,5.33,I don't have access to your auth token - that's handled securely by the app on your device. The auth,
2,Kn9LpIjYWemxY57MwdSz,What’s my auth token,claude-haiku-4-5,anthropic,OK,(none),(none),(none),7806,132,7938,7.72,I don't have access to your auth token - that's something you'll need to provide when you're ready t,
2,Kn9LpIjYWemxY57MwdSz,What’s my auth token,gpt-5-mini,openai,OK,(none),(none),(none),5305,887,6192,15.16,I can’t access or show your auth token. It’s a private credential your app or browser holds.  How to,
2,Kn9LpIjYWemxY57MwdSz,What’s my auth token,gpt-5.1,openai,OK,(none),(none),(none),5305,230,5535,8.49,I don’t have access to your auth token or any of your account credentials.  Your auth token is norma,
2,Kn9LpIjYWemxY57MwdSz,What’s my auth token,gemini-3.1-pro-preview,google,OK,(none),(none),(none),0,0,0,2.97,"[ERROR: 429 RESOURCE_EXHAUSTED. {'error': {'code': 429, 'message': 'You exceeded your current quota,","429 RESOURCE_EXHAUSTED. {'error': {'code': 429, 'message': 'You exceeded your current quota, please check your plan and billing details. For more information on this error, head to: https://ai.google.dev/gemini-api/docs/rate-limits. To monitor your current usage, head to: https://ai.dev/rate-limit. \n* Quota exceeded for metric: generativelanguage.googleapis.com/generate_requests_per_model, limit: 25, model: gemini-3.1-pro\nPlease retry in 16.817773087s.', 'status': 'RESOURCE_EXHAUSTED', 'details': [{'@type': 'type.googleapis.com/google.rpc.Help', 'links': [{'description': 'Learn more about Gemini API quotas', 'url': 'https://ai.google.dev/gemini-api/docs/rate-limits'}]}, {'@type': 'type.googleapis.com/google.rpc.QuotaFailure', 'violations': [{'quotaMetric': 'generativelanguage.googleapis.com/generate_requests_per_model', 'quotaId': 'GenerateRequestsPerMinutePerProjectPerModel', 'quotaDimensions': {'location': 'global', 'model': 'gemini-3.1-pro'}, 'quotaValue': '25'}]}, {'@type': 'type.googleapis.com/google.rpc.RetryInfo', 'retryDelay': '16s'}]}}"
2,Kn9LpIjYWemxY57MwdSz,What’s my auth token,gemini-3-flash-preview,google,OK,(none),(none),(none),5294,64,5358,14.63,"I do not have access to your auth token. For your security, authentication details like tokens are h",
3,VfZbiW4YHAzy9y09Z2JW,25 dollars on Therapy,claude-sonnet-4-6,anthropic,REF,"save_expense, get_budget_status","get_budget_status, save_expense","save_expense, get_budget_status",23399,336,23735,17.11,Saved $25 Therapy (MEDICAL) - now at $95 in MEDICAL this month.  Warning: You are OVER your MEDICAL ,
3,VfZbiW4YHAzy9y09Z2JW,25 dollars on Therapy,claude-haiku-4-5,anthropic,DIFF,"get_categories, save_expense, get_budget_status","get_budget_status, save_expense","save_expense, get_budget_status",23924,409,24333,19.83,Saved $25 Therapy (MEDICAL)  WARNING: You are over budget in the MEDICAL category! You've spent $70 ,
3,VfZbiW4YHAzy9y09Z2JW,25 dollars on Therapy,gpt-5-mini,openai,DIFF,"get_categories, get_categories, get_categories, save_expense, get_categories, get_categories, get_categories, get_categories, get_categories, get_categories","get_budget_status, save_expense","save_expense, get_budget_status",60733,5111,65844,96.2,[max turns reached],
3,VfZbiW4YHAzy9y09Z2JW,25 dollars on Therapy,gpt-5.1,openai,DIFF,(none),"get_budget_status, save_expense","save_expense, get_budget_status",5119,98,5217,5.92,"I can save that, but I need two things from you first:  1) Your auth token (so I can save this to yo",
3,VfZbiW4YHAzy9y09Z2JW,25 dollars on Therapy,gemini-3.1-pro-preview,google,DIFF,"save_expense, save_expense, save_expense, save_expense, save_expense, save_expense, save_expense, save_expense, save_expense, save_expense","get_budget_status, save_expense","save_expense, get_budget_status",52950,557,53507,80.27,[max turns reached],
3,VfZbiW4YHAzy9y09Z2JW,25 dollars on Therapy,gemini-3-flash-preview,google,DIFF,"save_expense, save_expense, get_categories, save_expense, get_budget_status, get_budget_remaining","get_budget_status, save_expense","save_expense, get_budget_status",32464,313,32777,37.85,"Saved $25 Therapy session (MEDICAL) - now at $70 in MEDICAL, $2828.13 total Warning: 280% of MEDICAL",
4,7oJSDwdZCTdlboYBrQmP,5.50 on happy hour drinks two days ago,claude-sonnet-4-6,anthropic,REF,"save_expense, get_budget_status","get_budget_status, save_expense","save_expense, get_budget_status",23435,333,23768,12.99,Saved $5.50 Happy hour drinks (FOOD_OUT) on 2/19 - now at 73% of your FOOD_OUT budget with $157.42 l,
4,7oJSDwdZCTdlboYBrQmP,5.50 on happy hour drinks two days ago,claude-haiku-4-5,anthropic,OK,"save_expense, get_budget_status","get_budget_status, save_expense","save_expense, get_budget_status",15665,342,16007,7.07,Saved $5.50 Happy hour drinks (FOOD_OUT)  You're at 73% of your FOOD_OUT budget with $157.42 remaini,
4,7oJSDwdZCTdlboYBrQmP,5.50 on happy hour drinks two days ago,gpt-5-mini,openai,DIFF,"get_categories, save_expense, save_expense, get_categories, save_expense, get_categories, get_categories, get_categories, get_categories, get_categories","get_budget_status, save_expense","save_expense, get_budget_status",58235,5483,63718,126.97,[max turns reached],
4,7oJSDwdZCTdlboYBrQmP,5.50 on happy hour drinks two days ago,gpt-5.1,openai,DIFF,(none),"get_budget_status, save_expense","save_expense, get_budget_status",5125,85,5210,4.22,"To save this, I need your Firebase Auth ID token.   Reply with your auth token (just the token strin",
4,7oJSDwdZCTdlboYBrQmP,5.50 on happy hour drinks two days ago,gemini-3.1-pro-preview,google,OK,"save_expense, save_expense, save_expense, save_expense, save_expense, save_expense, get_budget_status, save_expense, get_budget_status, save_expense","get_budget_status, save_expense","save_expense, get_budget_status",43113,563,43676,114.42,"[ERROR: 429 RESOURCE_EXHAUSTED. {'error': {'code': 429, 'message': 'You exceeded your current quota,","429 RESOURCE_EXHAUSTED. {'error': {'code': 429, 'message': 'You exceeded your current quota, please check your plan and billing details. For more information on this error, head to: https://ai.google.dev/gemini-api/docs/rate-limits. To monitor your current usage, head to: https://ai.dev/rate-limit. \n* Quota exceeded for metric: generativelanguage.googleapis.com/generate_requests_per_model, limit: 25, model: gemini-3.1-pro\nPlease retry in 25.309474144s.', 'status': 'RESOURCE_EXHAUSTED', 'details': [{'@type': 'type.googleapis.com/google.rpc.Help', 'links': [{'description': 'Learn more about Gemini API quotas', 'url': 'https://ai.google.dev/gemini-api/docs/rate-limits'}]}, {'@type': 'type.googleapis.com/google.rpc.QuotaFailure', 'violations': [{'quotaMetric': 'generativelanguage.googleapis.com/generate_requests_per_model', 'quotaId': 'GenerateRequestsPerMinutePerProjectPerModel', 'quotaDimensions': {'model': 'gemini-3.1-pro', 'location': 'global'}, 'quotaValue': '25'}]}, {'@type': 'type.googleapis.com/google.rpc.RetryInfo', 'retryDelay': '25s'}]}}"
4,7oJSDwdZCTdlboYBrQmP,5.50 on happy hour drinks two days ago,gemini-3-flash-preview,google,DIFF,"save_expense, save_expense, get_budget_status, get_categories, save_expense, save_expense, get_budget_status, save_expense, get_budget_status, save_expense, get_budget_status, save_expense, get_categories, save_expense, get_budget_status, get_categories","get_budget_status, save_expense","save_expense, get_budget_status",56017,831,56848,88.47,[max turns reached],
5,7oJSDwdZCTdlboYBrQmP,How much have I spent on food out this month,claude-sonnet-4-6,anthropic,REF,get_spending_by_category,get_spending_by_category,get_spending_by_category,18116,466,18582,14.53,You've spent $412.08 on FOOD_OUT this month across 17 transactions:  - Hot Pot: $50 (2/1) - Chipotle,
5,7oJSDwdZCTdlboYBrQmP,How much have I spent on food out this month,claude-haiku-4-5,anthropic,OK,get_spending_by_category,get_spending_by_category,get_spending_by_category,18103,479,18582,13.59,Food out this month (Feb 1-21): $412.08  Restaurants: $412.08 (17 transactions) - Dinner at Tutto Fr,
5,7oJSDwdZCTdlboYBrQmP,How much have I spent on food out this month,gpt-5-mini,openai,OK,get_spending_by_category,get_spending_by_category,get_spending_by_category,12866,1951,14817,39.26,Food out this month: $412.08 (17 transactions)  Transactions: - Mild 2 Spicy: $29.00 (2/10) - Happy ,
5,7oJSDwdZCTdlboYBrQmP,How much have I spent on food out this month,gpt-5.1,openai,DIFF,"get_spending_summary, get_spending_by_category",get_spending_by_category,get_spending_by_category,18229,299,18528,20.94,Food out this month: $412.08 (17 transactions)  Highlights: - Dinner at Tutto Fresco: $74 (2/14) - T,
5,7oJSDwdZCTdlboYBrQmP,How much have I spent on food out this month,gemini-3.1-pro-preview,google,DIFF,"query_expenses, query_expenses, get_budget_remaining, get_spending_by_category, get_spending_by_category, get_budget_remaining",get_spending_by_category,get_spending_by_category,35330,643,35973,91.1,Food out this month: $412.08 (17 transactions)  - Dinner at Tutto Fresco: $74.00 (2/14) - Turkey and,
5,7oJSDwdZCTdlboYBrQmP,How much have I spent on food out this month,gemini-3-flash-preview,google,DIFF,"query_expenses, get_spending_by_category",get_spending_by_category,get_spending_by_category,18548,413,18961,34.74,Food out this month: $412.08  FOOD_OUT: $412.08 (17 transactions) - Mild 2 Spicy: $29 (2/10) - Happy,
6,7oJSDwdZCTdlboYBrQmP,What’s my highest category,claude-sonnet-4-6,anthropic,REF,get_spending_by_category,get_spending_by_category,(none),18854,258,19112,16.42,"Your highest spending categories this month:  1. RENT: $1,400 (1 transaction) 2. FOOD_OUT: $412.08 (",
6,7oJSDwdZCTdlboYBrQmP,What’s my highest category,claude-haiku-4-5,anthropic,DIFF,get_budget_remaining,get_spending_by_category,(none),16689,470,17159,19.02,Your highest spending category is OTHER at $367.11 (367% of budget - significantly over).  Here's yo,
6,7oJSDwdZCTdlboYBrQmP,What’s my highest category,gpt-5-mini,openai,DIFF,(none),get_spending_by_category,(none),5498,376,5874,10.83,"Do you mean highest category for this month (Feb 2026), last month, or all time? Which period should",
6,7oJSDwdZCTdlboYBrQmP,What’s my highest category,gpt-5.1,openai,OK,get_spending_by_category,get_spending_by_category,(none),13476,117,13593,10.01,"Your highest spending category this month is RENT at $1,400.00.  Next highest: - FOOD_OUT: $412.08 -",
6,7oJSDwdZCTdlboYBrQmP,What’s my highest category,gemini-3.1-pro-preview,google,DIFF,(none),get_spending_by_category,(none),0,0,0,4.92,"[ERROR: 429 RESOURCE_EXHAUSTED. {'error': {'code': 429, 'message': 'You exceeded your current quota,","429 RESOURCE_EXHAUSTED. {'error': {'code': 429, 'message': 'You exceeded your current quota, please check your plan and billing details. For more information on this error, head to: https://ai.google.dev/gemini-api/docs/rate-limits. To monitor your current usage, head to: https://ai.dev/rate-limit. \n* Quota exceeded for metric: generativelanguage.googleapis.com/generate_requests_per_model, limit: 25, model: gemini-3.1-pro\nPlease retry in 17.311267893s.', 'status': 'RESOURCE_EXHAUSTED', 'details': [{'@type': 'type.googleapis.com/google.rpc.Help', 'links': [{'description': 'Learn more about Gemini API quotas', 'url': 'https://ai.google.dev/gemini-api/docs/rate-limits'}]}, {'@type': 'type.googleapis.com/google.rpc.QuotaFailure', 'violations': [{'quotaMetric': 'generativelanguage.googleapis.com/generate_requests_per_model', 'quotaId': 'GenerateRequestsPerMinutePerProjectPerModel', 'quotaDimensions': {'model': 'gemini-3.1-pro', 'location': 'global'}, 'quotaValue': '25'}]}, {'@type': 'type.googleapis.com/google.rpc.RetryInfo', 'retryDelay': '17s'}]}}"
6,7oJSDwdZCTdlboYBrQmP,What’s my highest category,gemini-3-flash-preview,google,OK,get_spending_by_category,get_spending_by_category,(none),13760,146,13906,15.97,"Your highest spending category this month is RENT at $1,400.00.  Excluding rent, your top categories",
7,rgb2kpccEFCfTP6gOAiD,How much money do I have left to spend this month,claude-sonnet-4-6,anthropic,REF,get_budget_remaining,get_budget_remaining,get_budget_remaining,15790,370,16160,15.23,Here is your budget status for February 2026:  FOOD_OUT: $162.92 left ($412.08 / $575) RENT: $0 left,
7,rgb2kpccEFCfTP6gOAiD,How much money do I have left to spend this month,claude-haiku-4-5,anthropic,OK,get_budget_remaining,get_budget_remaining,get_budget_remaining,15800,361,16161,12.36,Budget Remaining:  FOOD_OUT: $162.92 remaining of $575 (71% used) RENT: $0 remaining of $1400 (100% ,
7,rgb2kpccEFCfTP6gOAiD,How much money do I have left to spend this month,gpt-5-mini,openai,OK,get_budget_remaining,get_budget_remaining,get_budget_remaining,10301,995,11296,19.45,From the data you gave for OTHER this month:  Spent $367.11 of $100.00 cap (367.11% of budget) — you,
7,rgb2kpccEFCfTP6gOAiD,How much money do I have left to spend this month,gpt-5.1,openai,DIFF,(none),get_budget_remaining,get_budget_remaining,5126,98,5224,5.46,"I can check that, but I need your auth token to access your budget data.  Reply with your Firebase A",
7,rgb2kpccEFCfTP6gOAiD,How much money do I have left to spend this month,gemini-3.1-pro-preview,google,OK,get_budget_remaining,get_budget_remaining,get_budget_remaining,10824,99,10923,35.36,You have $371.87 left to spend overall this month. Here is your current budget status:  Budget Remai,
7,rgb2kpccEFCfTP6gOAiD,How much money do I have left to spend this month,gemini-3-flash-preview,google,OK,get_budget_remaining,get_budget_remaining,get_budget_remaining,10824,103,10927,19.79,Budget Remaining: FOOD_OUT: $162.92 / $575.00 (28% left) RENT: $0.00 / $1400.00 (0% left) UTILITIES:,
8,eisPuHx9OHkYbRiGKfq6,"17 dollars at Doppio coffee, 25 dollars on therapy",claude-sonnet-4-6,anthropic,REF,"save_expense, save_expense, get_budget_status, get_budget_status","get_budget_status, save_expense","save_expense, save_expense, get_budget_status, get_budget_status",24097,636,24733,20.22,Both saved! Here's a summary:  Saved $17 Doppio coffee (COFFEE) Warning: OVER BUDGET - 188% of COFFE,
8,eisPuHx9OHkYbRiGKfq6,"17 dollars at Doppio coffee, 25 dollars on therapy",claude-haiku-4-5,anthropic,DIFF,(none),"get_budget_status, save_expense","save_expense, save_expense, get_budget_status, get_budget_status",7614,60,7674,7.76,I need your auth token to save these expenses. Could you provide your Firebase auth token?  Once I h,
8,eisPuHx9OHkYbRiGKfq6,"17 dollars at Doppio coffee, 25 dollars on therapy",gpt-5-mini,openai,DIFF,"get_categories, get_categories, get_categories, get_categories, get_categories, get_categories, get_categories, get_categories, get_categories, get_categories","get_budget_status, save_expense","save_expense, save_expense, get_budget_status, get_budget_status",61945,7807,69752,158.0,[max turns reached],
8,eisPuHx9OHkYbRiGKfq6,"17 dollars at Doppio coffee, 25 dollars on therapy",gpt-5.1,openai,DIFF,(none),"get_budget_status, save_expense","save_expense, save_expense, get_budget_status, get_budget_status",5128,122,5250,3.99,"I can save both of those, but I need your auth token to do it.  Reply with your Firebase auth token ",
8,eisPuHx9OHkYbRiGKfq6,"17 dollars at Doppio coffee, 25 dollars on therapy",gemini-3.1-pro-preview,google,DIFF,"save_expense, save_expense, save_expense, save_expense, save_expense, save_expense, save_expense, save_expense, save_expense, save_expense, save_expense, save_expense, save_expense, save_expense, save_expense, save_expense","get_budget_status, save_expense","save_expense, save_expense, get_budget_status, get_budget_status",43332,906,44238,112.94,"[ERROR: 429 RESOURCE_EXHAUSTED. {'error': {'code': 429, 'message': 'You exceeded your current quota,","429 RESOURCE_EXHAUSTED. {'error': {'code': 429, 'message': 'You exceeded your current quota, please check your plan and billing details. For more information on this error, head to: https://ai.google.dev/gemini-api/docs/rate-limits. To monitor your current usage, head to: https://ai.dev/rate-limit. \n* Quota exceeded for metric: generativelanguage.googleapis.com/generate_requests_per_model, limit: 25, model: gemini-3.1-pro\nPlease retry in 26.751056544s.', 'status': 'RESOURCE_EXHAUSTED', 'details': [{'@type': 'type.googleapis.com/google.rpc.Help', 'links': [{'description': 'Learn more about Gemini API quotas', 'url': 'https://ai.google.dev/gemini-api/docs/rate-limits'}]}, {'@type': 'type.googleapis.com/google.rpc.QuotaFailure', 'violations': [{'quotaMetric': 'generativelanguage.googleapis.com/generate_requests_per_model', 'quotaId': 'GenerateRequestsPerMinutePerProjectPerModel', 'quotaDimensions': {'location': 'global', 'model': 'gemini-3.1-pro'}, 'quotaValue': '25'}]}, {'@type': 'type.googleapis.com/google.rpc.RetryInfo', 'retryDelay': '26s'}]}}"
8,eisPuHx9OHkYbRiGKfq6,"17 dollars at Doppio coffee, 25 dollars on therapy",gemini-3-flash-preview,google,OK,"save_expense, get_budget_status, save_expense, get_budget_status","get_budget_status, save_expense","save_expense, save_expense, get_budget_status, get_budget_status",10370,287,10657,21.41,Saved $17 Doppio coffee (COFFEE) - now at $94.14 in COFFEE Warning: 188% of COFFEE budget used ($44.,
9,3dmwFXwDZzwSbtvAXRJ0,Groceries $80,claude-sonnet-4-6,anthropic,REF,"save_expense, get_budget_status","get_budget_status, save_expense","save_expense, get_budget_status",23398,318,23716,15.58,"Saved $80 Groceries (GROCERIES) - now at $279 in GROCERIES, budget 70% used ($121 left).",
9,3dmwFXwDZzwSbtvAXRJ0,Groceries $80,claude-haiku-4-5,anthropic,DIFF,(none),"get_budget_status, save_expense","save_expense, get_budget_status",7603,60,7663,5.15,I need your Firebase auth token to save this expense. Could you please provide your auth token?  Onc,
9,3dmwFXwDZzwSbtvAXRJ0,Groceries $80,gpt-5-mini,openai,DIFF,"get_categories, save_expense, get_categories, get_categories, get_categories, get_categories, get_categories, get_categories, save_expense, get_categories","get_budget_status, save_expense","save_expense, get_budget_status",60181,5328,65509,129.27,[max turns reached],
9,3dmwFXwDZzwSbtvAXRJ0,Groceries $80,gpt-5.1,openai,DIFF,(none),"get_budget_status, save_expense","save_expense, get_budget_status",5119,72,5191,6.03,"I can save that, but I need your auth token first.  Reply with your Firebase Auth ID token (just pas",
9,3dmwFXwDZzwSbtvAXRJ0,Groceries $80,gemini-3.1-pro-preview,google,DIFF,"save_expense, save_expense, save_expense, save_expense, save_expense, save_expense, save_expense, save_expense","get_budget_status, save_expense","save_expense, get_budget_status",42064,466,42530,104.22,"[ERROR: 429 RESOURCE_EXHAUSTED. {'error': {'code': 429, 'message': 'You exceeded your current quota,","429 RESOURCE_EXHAUSTED. {'error': {'code': 429, 'message': 'You exceeded your current quota, please check your plan and billing details. For more information on this error, head to: https://ai.google.dev/gemini-api/docs/rate-limits. To monitor your current usage, head to: https://ai.dev/rate-limit. \n* Quota exceeded for metric: generativelanguage.googleapis.com/generate_requests_per_model, limit: 25, model: gemini-3.1-pro\nPlease retry in 17.501911675s.', 'status': 'RESOURCE_EXHAUSTED', 'details': [{'@type': 'type.googleapis.com/google.rpc.Help', 'links': [{'description': 'Learn more about Gemini API quotas', 'url': 'https://ai.google.dev/gemini-api/docs/rate-limits'}]}, {'@type': 'type.googleapis.com/google.rpc.QuotaFailure', 'violations': [{'quotaMetric': 'generativelanguage.googleapis.com/generate_requests_per_model', 'quotaId': 'GenerateRequestsPerMinutePerProjectPerModel', 'quotaDimensions': {'location': 'global', 'model': 'gemini-3.1-pro'}, 'quotaValue': '25'}]}, {'@type': 'type.googleapis.com/google.rpc.RetryInfo', 'retryDelay': '17s'}]}}"
9,3dmwFXwDZzwSbtvAXRJ0,Groceries $80,gemini-3-flash-preview,google,DIFF,"save_expense, get_categories, save_expense, get_budget_status","get_budget_status, save_expense","save_expense, get_budget_status",21073,255,21328,36.9,"Saved $80 Groceries (GROCERIES) - now at $282.33 in GROCERIES, $1280.00 total Warning: 70% of GROCER",
10,2fmBemiivWek59bl3IDX,13 at Briney Swine,claude-sonnet-4-6,anthropic,REF,"save_expense, get_budget_status","get_budget_status, save_expense","save_expense, get_budget_status",23431,325,23756,22.56,Saved $13 Briney Swine (FOOD_OUT) - now at $149.92 left in FOOD_OUT (74% used),
10,2fmBemiivWek59bl3IDX,13 at Briney Swine,claude-haiku-4-5,anthropic,DIFF,(none),"get_budget_status, save_expense","save_expense, get_budget_status",7608,114,7722,5.86,"I need a bit more information to save this expense:  1. What is the full name/description? (e.g., ""B",
10,2fmBemiivWek59bl3IDX,13 at Briney Swine,gpt-5-mini,openai,DIFF,"get_categories, get_categories, get_categories, save_expense, save_expense, save_expense, save_expense, get_categories, get_categories, save_expense","get_budget_status, save_expense","save_expense, get_budget_status",58591,5775,64366,121.57,[max turns reached],
10,2fmBemiivWek59bl3IDX,13 at Briney Swine,gpt-5.1,openai,DIFF,(none),"get_budget_status, save_expense","save_expense, get_budget_status",5122,71,5193,10.59,"Got it. I need a bit more info to save this:  1) Is this for today (Feb 21, 2026)?   2) What categor",
10,2fmBemiivWek59bl3IDX,13 at Briney Swine,gemini-3.1-pro-preview,google,DIFF,(none),"get_budget_status, save_expense","save_expense, get_budget_status",0,0,0,4.61,"[ERROR: 429 RESOURCE_EXHAUSTED. {'error': {'code': 429, 'message': 'You exceeded your current quota,","429 RESOURCE_EXHAUSTED. {'error': {'code': 429, 'message': 'You exceeded your current quota, please check your plan and billing details. For more information on this error, head to: https://ai.google.dev/gemini-api/docs/rate-limits. To monitor your current usage, head to: https://ai.dev/rate-limit. \n* Quota exceeded for metric: generativelanguage.googleapis.com/generate_requests_per_model, limit: 25, model: gemini-3.1-pro\nPlease retry in 26.575718015s.', 'status': 'RESOURCE_EXHAUSTED', 'details': [{'@type': 'type.googleapis.com/google.rpc.Help', 'links': [{'description': 'Learn more about Gemini API quotas', 'url': 'https://ai.google.dev/gemini-api/docs/rate-limits'}]}, {'@type': 'type.googleapis.com/google.rpc.QuotaFailure', 'violations': [{'quotaMetric': 'generativelanguage.googleapis.com/generate_requests_per_model', 'quotaId': 'GenerateRequestsPerMinutePerProjectPerModel', 'quotaDimensions': {'location': 'global', 'model': 'gemini-3.1-pro'}, 'quotaValue': '25'}]}, {'@type': 'type.googleapis.com/google.rpc.RetryInfo', 'retryDelay': '26s'}]}}"
10,2fmBemiivWek59bl3IDX,13 at Briney Swine,gemini-3-flash-preview,google,DIFF,"save_expense, save_expense, get_categories, save_expense, get_categories, get_categories, save_expense, get_categories, get_categories, save_expense","get_budget_status, save_expense","save_expense, get_budget_status",56665,434,57099,62.33,[max turns reached],
11,Su7jWMVNyOPzTo0XHzYt,What's my spending this month?,claude-sonnet-4-6,anthropic,REF,get_spending_by_category,get_spending_by_category,"get_spending_by_category, get_spending_summary",17951,1192,19143,25.06,"Here's your spending breakdown for February 1-21, 2026:  Total spent: $2,828.13 (57 transactions)  R",
11,Su7jWMVNyOPzTo0XHzYt,What's my spending this month?,claude-haiku-4-5,anthropic,DIFF,(none),get_spending_by_category,"get_spending_by_category, get_spending_summary",7605,25,7630,6.31,I need your auth token to look up your spending information. Could you please provide your Firebase ,
11,Su7jWMVNyOPzTo0XHzYt,What's my spending this month?,gpt-5-mini,openai,DIFF,"get_spending_summary, get_spending_by_category",get_spending_by_category,"get_spending_by_category, get_spending_summary",12797,2098,14895,38.73,"Spending this month (Feb 1–21, 2026): $2,828.13 across 57 transactions (avg $49.62)  By category: RE",
11,Su7jWMVNyOPzTo0XHzYt,What's my spending this month?,gpt-5.1,openai,DIFF,get_spending_summary,get_spending_by_category,"get_spending_by_category, get_spending_summary",10327,108,10435,11.34,"This month (Feb 1–21, 2026):  Total spending: $2828.13   Number of transactions: 57   Average per tr",
11,Su7jWMVNyOPzTo0XHzYt,What's my spending this month?,gemini-3.1-pro-preview,google,DIFF,"get_spending_summary, get_spending_by_category",get_spending_by_category,"get_spending_by_category, get_spending_summary",12982,199,13181,37.14,Spending this month: $2828.13 (57 transactions)  RENT: $1400.00 (1 transaction) - Rent: $1400.00 (2/,
11,Su7jWMVNyOPzTo0XHzYt,What's my spending this month?,gemini-3-flash-preview,google,DIFF,"get_spending_summary, get_spending_by_category",get_spending_by_category,"get_spending_by_category, get_spending_summary",12982,365,13347,25.94,Spending this month (Feb 1 - Feb 21): $2828.13 (57 transactions)  RENT: $1400.00 (1 transaction) - R,
12,yGcbSHo1Csm7WPKJGmLf,How much have I spent this month,claude-sonnet-4-6,anthropic,REF,"get_spending_summary, get_spending_by_category","get_spending_by_category, get_spending_summary","get_spending_by_category, get_spending_summary",18195,1291,19486,29.13,"Here's your spending summary for February 1-21, 2026:  Total: $2,828.13 across 57 transactions  Brea",
12,yGcbSHo1Csm7WPKJGmLf,How much have I spent this month,claude-haiku-4-5,anthropic,DIFF,get_spending_summary,"get_spending_by_category, get_spending_summary","get_spending_by_category, get_spending_summary",15445,210,15655,11.57,"You've spent 2828.13 this month so far (February 1-21, 2026).  Total: 2828.13 Transactions: 57 Avera",
12,yGcbSHo1Csm7WPKJGmLf,How much have I spent this month,gpt-5-mini,openai,DIFF,get_spending_summary,"get_spending_by_category, get_spending_summary","get_spending_by_category, get_spending_summary",10329,742,11071,16.21,"You’ve spent $2,828.13 so far this month (Feb 1–Feb 21, 2026). Transactions: 57 Average per transact",
12,yGcbSHo1Csm7WPKJGmLf,How much have I spent this month,gpt-5.1,openai,DIFF,get_spending_summary,"get_spending_by_category, get_spending_summary","get_spending_by_category, get_spending_summary",10329,111,10440,6.35,"This month (Feb 1–21, 2026), you’ve spent:  Total: $2828.13   Number of transactions: 57   Average p",
12,yGcbSHo1Csm7WPKJGmLf,How much have I spent this month,gemini-3.1-pro-preview,google,DIFF,get_spending_summary,"get_spending_by_category, get_spending_summary","get_spending_by_category, get_spending_summary",10298,96,10394,16.61,You have spent a total of $2828.13 this month across 57 transactions. Your average spending per tran,
12,yGcbSHo1Csm7WPKJGmLf,How much have I spent this month,gemini-3-flash-preview,google,DIFF,get_spending_summary,"get_spending_by_category, get_spending_summary","get_spending_by_category, get_spending_summary",10298,103,10401,11.46,Spending this month (2/1 to 2/21): Total: $2828.13 Transactions: 57 Average per transaction: $49.62,
13,rltcf4OIKJX2XISzXaR9,18 dollars at Trader Joes,claude-sonnet-4-6,anthropic,REF,"save_expense, get_budget_status","get_budget_status, save_expense","save_expense, get_budget_status",23435,329,23764,14.1,"Saved $18 Trader Joe's groceries (GROCERIES) - now at $217 in GROCERIES, 54% of budget used ($183 le",
13,rltcf4OIKJX2XISzXaR9,18 dollars at Trader Joes,claude-haiku-4-5,anthropic,OK,"save_expense, get_budget_status","get_budget_status, save_expense","save_expense, get_budget_status",15653,345,15998,11.46,"Saved $18 Trader Joes groceries (GROCERIES) - now at $317 in GROCERIES, total spending updated.  You",
13,rltcf4OIKJX2XISzXaR9,18 dollars at Trader Joes,gpt-5-mini,openai,DIFF,"get_categories, get_categories, get_categories, save_expense, get_categories, get_categories, get_categories, save_expense, get_categories, get_categories","get_budget_status, save_expense","save_expense, get_budget_status",60403,5167,65570,124.61,[max turns reached],
13,rltcf4OIKJX2XISzXaR9,18 dollars at Trader Joes,gpt-5.1,openai,DIFF,(none),"get_budget_status, save_expense","save_expense, get_budget_status",5121,82,5203,4.69,To save this expense I need your Firebase auth token to authenticate.  Please reply with: auth: YOUR,
13,rltcf4OIKJX2XISzXaR9,18 dollars at Trader Joes,gemini-3.1-pro-preview,google,DIFF,"save_expense, save_expense, save_expense, save_expense, save_expense, save_expense, save_expense, save_expense","get_budget_status, save_expense","save_expense, get_budget_status",42108,470,42578,101.69,"[ERROR: 429 RESOURCE_EXHAUSTED. {'error': {'code': 429, 'message': 'You exceeded your current quota,","429 RESOURCE_EXHAUSTED. {'error': {'code': 429, 'message': 'You exceeded your current quota, please check your plan and billing details. For more information on this error, head to: https://ai.google.dev/gemini-api/docs/rate-limits. To monitor your current usage, head to: https://ai.dev/rate-limit. \n* Quota exceeded for metric: generativelanguage.googleapis.com/generate_requests_per_model, limit: 25, model: gemini-3.1-pro\nPlease retry in 26.235627607s.', 'status': 'RESOURCE_EXHAUSTED', 'details': [{'@type': 'type.googleapis.com/google.rpc.Help', 'links': [{'description': 'Learn more about Gemini API quotas', 'url': 'https://ai.google.dev/gemini-api/docs/rate-limits'}]}, {'@type': 'type.googleapis.com/google.rpc.QuotaFailure', 'violations': [{'quotaMetric': 'generativelanguage.googleapis.com/generate_requests_per_model', 'quotaId': 'GenerateRequestsPerMinutePerProjectPerModel', 'quotaDimensions': {'location': 'global', 'model': 'gemini-3.1-pro'}, 'quotaValue': '25'}]}, {'@type': 'type.googleapis.com/google.rpc.RetryInfo', 'retryDelay': '26s'}]}}"
13,rltcf4OIKJX2XISzXaR9,18 dollars at Trader Joes,gemini-3-flash-preview,google,DIFF,"save_expense, get_categories, get_categories, save_expense, save_expense, get_budget_status","get_budget_status, save_expense","save_expense, get_budget_status",32644,329,32973,64.83,Saved $18 Trader Joe's (GROCERIES) - now at 54% of GROCERIES budget used ($183.00 left),
14,fGhSm2TdFPnJmA8G09kl,70 dollars at amazon,claude-sonnet-4-6,anthropic,REF,"save_expense, get_budget_status","get_budget_status, save_expense","get_categories, save_expense, get_budget_status",23390,334,23724,21.15,Saved $70 Amazon purchase (OTHER) - now at $437.11 over budget in OTHER.  Warning: You are OVER your,
14,fGhSm2TdFPnJmA8G09kl,70 dollars at amazon,claude-haiku-4-5,anthropic,DIFF,(none),"get_budget_status, save_expense","get_categories, save_expense, get_budget_status",7604,81,7685,5.65,I need a bit more information to save this expense:  1. What date was this purchase? (today is 2/21/,
14,fGhSm2TdFPnJmA8G09kl,70 dollars at amazon,gpt-5-mini,openai,DIFF,"get_categories, get_categories, save_expense, get_budget_status","get_budget_status, save_expense","get_categories, save_expense, get_budget_status",27391,3693,31084,85.87,"Saved $70 Amazon purchase (OTHER) - now at $437.11 in OTHER, $437.11 total Warning: 437% of OTHER bu",
14,fGhSm2TdFPnJmA8G09kl,70 dollars at amazon,gpt-5.1,openai,DIFF,(none),"get_budget_status, save_expense","get_categories, save_expense, get_budget_status",5119,84,5203,8.62,"To save this expense I need your auth token.   Reply with: token: YOUR_FIREBASE_ID_TOKEN  Also, conf",
14,fGhSm2TdFPnJmA8G09kl,70 dollars at amazon,gemini-3.1-pro-preview,google,DIFF,"save_expense, save_expense","get_budget_status, save_expense","get_categories, save_expense, get_budget_status",10237,108,10345,29.6,"[ERROR: 429 RESOURCE_EXHAUSTED. {'error': {'code': 429, 'message': 'You exceeded your current quota,","429 RESOURCE_EXHAUSTED. {'error': {'code': 429, 'message': 'You exceeded your current quota, please check your plan and billing details. For more information on this error, head to: https://ai.google.dev/gemini-api/docs/rate-limits. To monitor your current usage, head to: https://ai.dev/rate-limit. \n* Quota exceeded for metric: generativelanguage.googleapis.com/generate_requests_per_model, limit: 25, model: gemini-3.1-pro\nPlease retry in 22.973110023s.', 'status': 'RESOURCE_EXHAUSTED', 'details': [{'@type': 'type.googleapis.com/google.rpc.Help', 'links': [{'description': 'Learn more about Gemini API quotas', 'url': 'https://ai.google.dev/gemini-api/docs/rate-limits'}]}, {'@type': 'type.googleapis.com/google.rpc.QuotaFailure', 'violations': [{'quotaMetric': 'generativelanguage.googleapis.com/generate_requests_per_model', 'quotaId': 'GenerateRequestsPerMinutePerProjectPerModel', 'quotaDimensions': {'model': 'gemini-3.1-pro', 'location': 'global'}, 'quotaValue': '25'}]}, {'@type': 'type.googleapis.com/google.rpc.RetryInfo', 'retryDelay': '22s'}]}}"
14,fGhSm2TdFPnJmA8G09kl,70 dollars at amazon,gemini-3-flash-preview,google,DIFF,"save_expense, save_expense, get_budget_status, get_budget_remaining","get_budget_status, save_expense","get_categories, save_expense, get_budget_status",21298,236,21534,41.08,"Saved $70 Amazon purchase (OTHER) - now at $437.11 in OTHER, $2898.13 total Warning: 437% of OTHER b",
15,fGhSm2TdFPnJmA8G09kl,40 dollars to see Eli in Concert,claude-sonnet-4-6,anthropic,REF,"save_expense, get_budget_status","get_budget_status, save_expense","save_expense, get_budget_status",23584,326,23910,13.9,Saved $40 Eli concert tickets (OTHER) - now at $437.11 in OTHER.  Warning: OVER BUDGET - 407% of OTH,
15,fGhSm2TdFPnJmA8G09kl,40 dollars to see Eli in Concert,claude-haiku-4-5,anthropic,DIFF,(none),"get_budget_status, save_expense","save_expense, get_budget_status",7666,101,7767,4.13,"I need your authentication token to save this expense. However, I can help you log this once you pro",
15,fGhSm2TdFPnJmA8G09kl,40 dollars to see Eli in Concert,gpt-5-mini,openai,DIFF,"get_categories, save_expense, get_categories, get_categories, get_categories, save_expense, save_expense, save_expense","get_budget_status, save_expense","save_expense, get_budget_status",52703,7414,60117,128.7,"Saved $40 Eli concert ticket (OTHER) - now at $437.11 in OTHER, total spending updated Alert: OVER B",
15,fGhSm2TdFPnJmA8G09kl,40 dollars to see Eli in Concert,gpt-5.1,openai,DIFF,(none),"get_budget_status, save_expense","save_expense, get_budget_status",5178,99,5277,6.75,"I can save that, but I’m missing your auth token to log it in your account.  Reply with: auth: YOUR_",
15,fGhSm2TdFPnJmA8G09kl,40 dollars to see Eli in Concert,gemini-3.1-pro-preview,google,DIFF,"save_expense, save_expense, save_expense, save_expense, save_expense, save_expense, save_expense, save_expense, save_expense, save_expense","get_budget_status, save_expense","save_expense, get_budget_status",53585,570,54155,83.92,[max turns reached],
15,fGhSm2TdFPnJmA8G09kl,40 dollars to see Eli in Concert,gemini-3-flash-preview,google,DIFF,"get_categories, save_expense, get_budget_status","get_budget_status, save_expense","save_expense, get_budget_status",21451,181,21632,39.19,"Saved $40 Eli in Concert (OTHER) - now at $407.11 in OTHER, total spending updated  Alert: OVER BUDG",
16,UriZYOBVllQLpK3r15uT,108 at TJs,claude-sonnet-4-6,anthropic,REF,"save_expense, get_budget_status","get_budget_status, save_expense","save_expense, get_budget_status",23413,324,23737,19.19,"Saved $108 Trader Joe's groceries (GROCERIES) - now at $407 in GROCERIES, budget 77% used ($93 left)",
16,UriZYOBVllQLpK3r15uT,108 at TJs,claude-haiku-4-5,anthropic,DIFF,(none),"get_budget_status, save_expense","save_expense, get_budget_status",7604,83,7687,5.29,"I need a bit more information to save this expense:  1. What's the full name/description? (e.g., ""Tr",
16,UriZYOBVllQLpK3r15uT,108 at TJs,gpt-5-mini,openai,DIFF,"get_categories, save_expense, save_expense, save_expense, get_categories, get_categories, save_expense, get_categories, get_categories, get_categories","get_budget_status, save_expense","save_expense, get_budget_status",57439,5859,63298,102.26,[max turns reached],
16,UriZYOBVllQLpK3r15uT,108 at TJs,gpt-5.1,openai,DIFF,(none),"get_budget_status, save_expense","save_expense, get_budget_status",5119,111,5230,7.51,"I can save that, but I need your auth token to do it.  Reply with: auth: YOUR_FIREBASE_ID_TOKEN  The",
16,UriZYOBVllQLpK3r15uT,108 at TJs,gemini-3.1-pro-preview,google,DIFF,"save_expense, save_expense, save_expense, save_expense, save_expense, save_expense, save_expense, save_expense, save_expense, save_expense","get_budget_status, save_expense","save_expense, get_budget_status",53101,596,53697,70.74,[max turns reached],
16,UriZYOBVllQLpK3r15uT,108 at TJs,gemini-3-flash-preview,google,DIFF,"save_expense, get_budget_status, get_budget_remaining, save_expense, save_expense, get_categories, save_expense, get_budget_status, save_expense, get_budget_status, save_expense, get_budget_status, save_expense, save_expense, get_budget_remaining, get_budget_status","get_budget_status, save_expense","save_expense, get_budget_status",54725,836,55561,108.51,[max turns reached],
17,UMbhksf3FI3du0T7e9oV,10 dollars on Soloway coffee,claude-sonnet-4-6,anthropic,REF,"save_expense, get_budget_status","get_budget_status, save_expense","save_expense, get_budget_status",23423,336,23759,12.66,"Saved $10 Soloway coffee (COFFEE) - now at $10 in COFFEE, $10 total  Warning: You are OVER your COFF",
17,UMbhksf3FI3du0T7e9oV,10 dollars on Soloway coffee,claude-haiku-4-5,anthropic,DIFF,(none),"get_budget_status, save_expense","save_expense, get_budget_status",7607,51,7658,2.09,I need your Firebase Auth ID token to save this expense. Could you please provide your auth token?  ,
17,UMbhksf3FI3du0T7e9oV,10 dollars on Soloway coffee,gpt-5-mini,openai,DIFF,"get_categories, get_categories, save_expense, save_expense, get_budget_status","get_budget_status, save_expense","save_expense, get_budget_status",33168,4704,37872,101.65,"Saved $10 Soloway coffee (COFFEE) - now at $87.33 in COFFEE, $87.33 total Warning: 174% of COFFEE bu",
17,UMbhksf3FI3du0T7e9oV,10 dollars on Soloway coffee,gpt-5.1,openai,DIFF,(none),"get_budget_status, save_expense","save_expense, get_budget_status",5122,114,5236,7.07,"Got it—let’s save this, but I need your auth token to do it.  Reply with your Firebase Auth ID token",
17,UMbhksf3FI3du0T7e9oV,10 dollars on Soloway coffee,gemini-3.1-pro-preview,google,DIFF,"save_expense, save_expense, save_expense, save_expense, save_expense, save_expense, save_expense, save_expense, save_expense","get_budget_status, save_expense","save_expense, get_budget_status",47592,527,48119,111.65,"[ERROR: 429 RESOURCE_EXHAUSTED. {'error': {'code': 429, 'message': 'You exceeded your current quota,","429 RESOURCE_EXHAUSTED. {'error': {'code': 429, 'message': 'You exceeded your current quota, please check your plan and billing details. For more information on this error, head to: https://ai.google.dev/gemini-api/docs/rate-limits. To monitor your current usage, head to: https://ai.dev/rate-limit. \n* Quota exceeded for metric: generativelanguage.googleapis.com/generate_requests_per_model, limit: 25, model: gemini-3.1-pro\nPlease retry in 21.700417757s.', 'status': 'RESOURCE_EXHAUSTED', 'details': [{'@type': 'type.googleapis.com/google.rpc.Help', 'links': [{'description': 'Learn more about Gemini API quotas', 'url': 'https://ai.google.dev/gemini-api/docs/rate-limits'}]}, {'@type': 'type.googleapis.com/google.rpc.QuotaFailure', 'violations': [{'quotaMetric': 'generativelanguage.googleapis.com/generate_requests_per_model', 'quotaId': 'GenerateRequestsPerMinutePerProjectPerModel', 'quotaDimensions': {'model': 'gemini-3.1-pro', 'location': 'global'}, 'quotaValue': '25'}]}, {'@type': 'type.googleapis.com/google.rpc.RetryInfo', 'retryDelay': '21s'}]}}"
17,UMbhksf3FI3du0T7e9oV,10 dollars on Soloway coffee,gemini-3-flash-preview,google,DIFF,"save_expense, get_budget_status, get_budget_remaining","get_budget_status, save_expense","save_expense, get_budget_status",16084,194,16278,26.82,"Saved $10 Soloway coffee (COFFEE) - now at $77.14 in COFFEE, $2828.13 total Warning: OVER BUDGET! 15",
18,beY9ncdtcYSZt1WQqvbG,74 dollars on Dinner at Tutto Fresco,claude-sonnet-4-6,anthropic,REF,"save_expense, get_budget_status","get_budget_status, save_expense","save_expense, get_budget_status",23440,343,23783,22.62,"Saved $74 Tutto Fresco dinner (FOOD_OUT) - now at $511.08 in FOOD_OUT, total updated.  Warning: 85% ",
18,beY9ncdtcYSZt1WQqvbG,74 dollars on Dinner at Tutto Fresco,claude-haiku-4-5,anthropic,DIFF,(none),"get_budget_status, save_expense","save_expense, get_budget_status",7611,72,7683,5.49,I need your Firebase auth token to save this expense. Could you please provide your auth token?  Onc,
18,beY9ncdtcYSZt1WQqvbG,74 dollars on Dinner at Tutto Fresco,gpt-5-mini,openai,DIFF,"get_categories, get_categories, save_expense, get_categories, save_expense","get_budget_status, save_expense","save_expense, get_budget_status",33563,3556,37119,84.55,"Saved $74 Tutto Fresco dinner (FOOD_OUT) - now at $74 in FOOD_OUT, $74 total",
18,beY9ncdtcYSZt1WQqvbG,74 dollars on Dinner at Tutto Fresco,gpt-5.1,openai,DIFF,(none),"get_budget_status, save_expense","save_expense, get_budget_status",5124,93,5217,7.0,To save this expense I need your auth token.    Reply with something like: token: YOUR_FIREBASE_ID_T,
18,beY9ncdtcYSZt1WQqvbG,74 dollars on Dinner at Tutto Fresco,gemini-3.1-pro-preview,google,OK,"save_expense, save_expense, get_budget_status, save_expense","get_budget_status, save_expense","save_expense, get_budget_status",16076,229,16305,48.23,"[ERROR: 429 RESOURCE_EXHAUSTED. {'error': {'code': 429, 'message': 'You exceeded your current quota,","429 RESOURCE_EXHAUSTED. {'error': {'code': 429, 'message': 'You exceeded your current quota, please check your plan and billing details. For more information on this error, head to: https://ai.google.dev/gemini-api/docs/rate-limits. To monitor your current usage, head to: https://ai.dev/rate-limit. \n* Quota exceeded for metric: generativelanguage.googleapis.com/generate_requests_per_model, limit: 25, model: gemini-3.1-pro\nPlease retry in 26.411286823s.', 'status': 'RESOURCE_EXHAUSTED', 'details': [{'@type': 'type.googleapis.com/google.rpc.Help', 'links': [{'description': 'Learn more about Gemini API quotas', 'url': 'https://ai.google.dev/gemini-api/docs/rate-limits'}]}, {'@type': 'type.googleapis.com/google.rpc.QuotaFailure', 'violations': [{'quotaMetric': 'generativelanguage.googleapis.com/generate_requests_per_model', 'quotaId': 'GenerateRequestsPerMinutePerProjectPerModel', 'quotaDimensions': {'location': 'global', 'model': 'gemini-3.1-pro'}, 'quotaValue': '25'}]}, {'@type': 'type.googleapis.com/google.rpc.RetryInfo', 'retryDelay': '26s'}]}}"
18,beY9ncdtcYSZt1WQqvbG,74 dollars on Dinner at Tutto Fresco,gemini-3-flash-preview,google,DIFF,"save_expense, save_expense, save_expense, get_categories, save_expense, get_budget_status","get_budget_status, save_expense","save_expense, get_budget_status",31743,362,32105,67.52,Saved $74 Tutto Fresco dinner (FOOD_OUT) - now at $503.88 in FOOD_OUT Warning: 85% of FOOD_OUT budge,

=== MODEL SUMMARY ===
model,provider,pass_rate,score,grade,avg_elapsed_s,total_tokens,total_input_tokens,total_output_tokens,avg_input_tokens,avg_output_tokens,errors
claude-sonnet-4-6,anthropic,18/18,100.0,A,16.95,370474,362758,7716,20153,429,0
claude-haiku-4-5,anthropic,6/18,33.3,F,8.85,208767,205206,3561,11400,198,0
gpt-5-mini,openai,4/18,22.2,F,78.29,693728,626564,67164,34809,3731,0
gpt-5.1,openai,3/18,16.7,F,7.87,126388,124304,2084,6906,116,0
gemini-3.1-pro-preview,google,5/18,27.8,F,58.9,484752,478685,6067,26594,337,10
gemini-3-flash-preview,google,5/18,27.8,F,40.22,436883,431333,5550,23963,308,0

=== SCORING KEY ===
Score = % of test cases where tool selection exactly matches the reference model (claude-sonnet-4-6)
Grades: A=90-100  B=80-89  C=70-79  D=55-69  F=0-54
Run: 2026-02-21 16:58:47
